HASH_SIZE, LINE_1, LINE_2, SIMILARITY
2, 1, 0, 1.824336
2, 2, 0, 0.000000
2, 2, 1, 1.824336
