HASH_SIZE, LINE_1, LINE_2, SIMILARITY
3, 1, 0, 0.500000
3, 2, 0, 1.000000
3, 2, 1, 0.500000
