HASH_SIZE, LINE_1, LINE_2, SIMILARITY
3, 1, 0, 0.000000
3, 2, 0, 9.487172
3, 2, 1, 0.000000
